	Name	Type	Unique_Private_key
0	Generic_Government	Government	G001
1	Deutsche Bank	Bank	B00012
2	Goldman Sachs	Bank	B00011
3	Credit Suisse	Bank	B00010
4	Société Générale	Bank	B00009
5	Barclays PLC	Bank	B00008
6	Mizuho Financial Group	Bank	B00007
7	Bank of America	Bank	B00006
8	BNP Paribas	Bank	B00005
9	HSBC Holdings PLC	Bank	B00004
10	JPMorgan Chase & Co.	Bank	B00003
11	Mitsubishi UFJ Financial Group	Bank	B00002
12	Bank of China	Bank	B00001
13	AISTEDA	University	U80282806
14	Abatz	Company	C37264217
15	Academy of International Economic and Political Relations, Gdynia	University	U10354247
16	Acharya Nagarjuna University	University	U87662629
17	Adler School of Professional Psychology	University	U22534560
18	Adnan Menderes University	University	U55035650
19	Adventist University of Africa	University	U58445753
20	Afghan University	University	U37721500
21	African Virtual University	University	U23217377
22	Aga Khan University	University	U40899243
23	Agimba	Company	C20247677
24	Agivu	Company	C96453177
25	Agricultural University of Cracow	University	U88659714
26	Agricultural University of Warsaw	University	U84840577
27	Agriculture and Forestry University	University	U37371449
28	Ahi Evran University	University	U52094461
29	Aibox	Company	C54234546
30	Aichi University of Education	University	U72794724
31	Ailane	Company	C38221882
32	Aimbo	Company	C9836979
33	Aimbu	Company	C34441469
34	Ainyx	Company	C6130982
35	Aivee	Company	C50128528
36	Ajman University of Science & Technology	University	U5751001
37	Al Ghurair University	University	U68134442
38	Al Maarif University College	University	U33765529
39	Alabama State University	University	U81378110
40	Alagappa University	University	U79839699
41	Alahgaff University	University	U45371656
42	Albany Medical Center	University	U48279973
43	Albert-Ludwigs-Universität Freiburg	University	U18479397
44	Aleksander Gieysztor School of Humanities in Pultusk	University	U2116538
45	Alfaisal University	University	U66070351
46	Allegheny College	University	U70081153
47	Alma College	University	U42122705
48	Alvernia College	University	U92337290
49	American InterContinental University - Atlanta	University	U3714878
50	American InterContinental University - Ft. Lauderdale	University	U10470580
51	American International University West Africa	University	U1573615
52	American Military University	University	U55547117
53	American University	University	U20013963
54	American University in Dubai	University	U38454965
55	American University of Armenia	University	U84567623
56	American University of Middle East	University	U20773720
57	American University of Paris	University	U57674630
58	Amirkabir University of Technology	University	U20149641
59	Anadolu University	University	U50636038
60	Anhui Medical University	University	U42035094
61	Arab Open University	University	U9374170
62	Arabian Gulf University	University	U38230616
63	Arba Minch University	University	U26838529
64	Aristotle University of Thessaloniki	University	U33085565
65	Arizona State University, Downtown Phoenix Campus	University	U30616127
66	Ashesi University	University	U57657218
67	Asian Medical Institute	University	U97517263
68	Astrakhan State University	University	U83576517
69	Athabasca University	University	U45622848
70	Athens University of Economics and Business	University	U47570893
71	Athlone Institute of Technology	University	U52938462
72	Atish Dipankar University	University	U65533706
73	Aurora University	University	U31075907
74	Avamba	Company	C94147615
75	Avamm	Company	C2275895
76	Avavee	Company	C47282115
77	Avaveo	Company	C8959656
78	Aventis School of Management	University	U64148694
79	Azerbaijan Technology University	University	U45108100
80	Azusa Pacific University	University	U39201044
81	Azzahra University	University	U3718510
82	Babbleblab	Company	C94847200
83	Babbleopia	Company	C69545535
84	Babbleset	Company	C31916186
85	Babblestorm	Company	C3717363
86	Baghlan University	University	U11082994
87	Bahauddin Zakariya University, Multan	University	U40856705
88	Bahrain Polytechnic	University	U81057548
89	Baiko Women's College	University	U55399246
90	Baku Slavic University	University	U91343472
91	Balkh University	University	U40146348
92	Ballsbridge University 	University	U63997829
93	Baltic State Technical University	University	U20426687
94	Banat's University of Agricultural Sciences	University	U45497954
95	Bangladesh Open University	University	U17502677
96	Bangladesh University of Professionals	University	U36282658
97	Baptist Bible College of Missouri	University	U83460402
98	Barton College	University	U13507858
99	Baskent University	University	U7775602
100	Bauchi State University, Gadau	University	U89996549
101	Bayan College for Science & Technology	University	U36094414
102	Beijing Institute of Technology	University	U70028209
103	Beijing Union University	University	U10137844
104	Belarussian State Agrarian Technical University	University	U49772459
105	Belarussian State Pedagogical University M. Tanka	University	U78624879
106	Belgorod State Agricultural Academy	University	U41686979
107	Belgorod State Technical University	University	U89129198
108	Belmont Abbey College	University	U33774774
109	Benguet State University	University	U11502084
110	Bila Cerkva State Agrarian University	University	U47109994
111	Bishkek Humanities University	University	U82155001
112	Blackburn College	University	U16901897
113	BlogXS	Company	C44147192
114	Blognation	Company	C94675455
115	Blogpad	Company	C95461679
116	Blogspan	Company	C40934815
117	Blogtag	Company	C32095228
118	Blogtags	Company	C14371125
119	Bloomfield College	University	U23346796
120	Blue Mountains Hotel School	University	U78536430
121	Bluejam	Company	C10695943
122	Bluezoom	Company	C38565642
123	Bosaso College	University	U1278551
124	Boston University	University	U59354502
125	Brainbox	Company	C50269905
126	Brainlounge	Company	C66146322
127	Brainsphere	Company	C17194228
128	Brainverse	Company	C82485648
129	Brandenburgische Technische Universität Cottbus	University	U37889677
130	Brexgata University Academy	University	U43816330
131	Brigham Young University	University	U67531663
132	Brightbean	Company	C13547590
133	Brightdog	Company	C92752521
134	British Malaysian Institute	University	U69212607
135	Brookdale Community College	University	U83955612
136	Browseblab	Company	C99039618
137	Browsebug	Company	C85893933
138	Browsecat	Company	C5718339
139	Browsedrive	Company	C75271009
140	Browsetype	Company	C97828093
141	Bryn Mawr College	University	U7541900
142	Bubblebox	Company	C1769980
143	Bubblemix	Company	C52904035
144	Bubbletube	Company	C40269027
145	Buckinghamshire New University	University	U55641900
146	Buddhasravaka Bhikshu University	University	U74330332
147	Buzzdog	Company	C77764870
148	Buzzshare	Company	C80548762
149	Buzzster	Company	C21700951
150	CCS Haryana Agricultural University	University	U59495303
151	COSMIQ Institute of Technology	University	U67922273
152	California Institute of the Arts	University	U31588340
153	California State University, Bakersfield	University	U99689862
154	Cambodia University of Specialties	University	U13520438
155	Camido	Company	C93395528
156	Camimbo	Company	C27867869
157	Camosun College	University	U18795955
158	Capitol University	University	U31856322
159	Carl von Ossietzky Universität Oldenburg	University	U41144895
160	Carnegie Mellon University	University	U58577744
161	Carson-Newman College	University	U52544891
162	Castleton State College	University	U47400320
163	Catholic University in Ružomberok	University	U6459258
164	Catholic University of Korea	University	U50706814
165	Catholic University of Pusan	University	U31193900
166	Cecos Univeristy of Information Technology	University	U7210629
167	Centenary College of Louisiana	University	U47380297
168	Center for Entrepreneurship and Small Business Management	University	U73377623
169	Centidel	Company	C67527170
170	Centimia	Company	C99400552
171	Centizu	Company	C85817272
172	Central University for Nationalities	University	U9237065
173	Centre Universitaire d'Oum El Bouaghi	University	U19556383
174	Centre Universitaire de Technologie	University	U20141179
175	Chaminade University of Honolulu	University	U89371713
176	Champlain College	University	U80266776
177	Chang Gung University	University	U84020345
178	Changchun Teachers College	University	U1828304
179	Chatterbridge	Company	C51133983
180	Chatterpoint	Company	C41402420
181	Cheyney University of Pennsylvania	University	U63427004
182	Chiba University	University	U42771323
183	China University of Mining Technology - Xuzhou	University	U66742423
184	Chongqing Medical University	University	U63418100
185	Chongqing Normal University	University	U16372481
186	Chongqing University of Communications	University	U44358326
187	Chubu University	University	U23904061
188	Chulalongkorn University	University	U29918667
189	Cihan University	University	U90950729
190	Circleville Bible College	University	U50660149
191	City University of New York, Graduate School and University Center	University	U65323259
192	Claflin College	University	U20054798
193	Clark Atlanta University	University	U30738053
194	Clark University	University	U30312947
195	Coastal Carolina University	University	U67727113
196	Cogibox	Company	C49716193
197	Cogidoo	Company	C12769489
198	Cogilith	Company	C50733348
199	College of Busniess Admnistration	University	U4213894
200	College of Nursing and Allied Health Scinces	University	U2946793
201	College of Technology at Jeddah	University	U18186616
202	College of Telecommunication & Information 	University	U85473548
203	Colorado School of Mines	University	U41791318
204	Colorado State University-Pueblo	University	U94771255
205	Columbia College South Carolina	University	U3975360
206	Columbus University	University	U25395225
207	Concordia College, Bronxville	University	U32821948
208	Concordia College, Seward	University	U76840914
209	Concordia College, St. Paul	University	U7755705
210	Concordia University, Irvine	University	U91535929
211	Conservatorio del Tolima	University	U9364450
212	Copenhagen Business School	University	U48773877
213	Cornell College	University	U47796778
214	DabZ	Company	C69424172
215	Dabfeed	Company	C92377484
216	Dabjam	Company	C8921738
217	Dablist	Company	C25152174
218	Dabshots	Company	C52904309
219	Dabtype	Company	C98555577
220	Dabvine	Company	C78370172
221	Dadabhoy Institute of Higher Education	University	U99838855
222	Dalian University of Foreign Language	University	U47493520
223	Dallas Christian College	University	U49293431
224	Davenport College of Business, Lansing	University	U97031930
225	Davis and Elkins College	University	U40247279
226	Dazzlesphere	Company	C54637813
227	De La Salle University	University	U85168902
228	DeVry Institute of Technology, Chicago	University	U90519931
229	DeVry Institute of Technology, Columbus	University	U90615770
230	Delaware State University	University	U96500759
231	Demivee	Company	C95233394
232	Demizz	Company	C98672757
233	Deutsche Sporthochschule Köln	University	U11458251
234	Devbug	Company	C80417610
235	Devcast	Company	C83381371
236	Devify	Company	C6546749
237	Devpoint	Company	C35808862
238	Devpulse	Company	C99528065
239	Digitube	Company	C34888895
240	Divanoodle	Company	C55262115
241	Divape	Company	C7090371
242	Divavu	Company	C59946889
243	Divine Word University	University	U61826510
244	Donetsk State Medical University	University	U20249244
245	Dong-A University	University	U14971468
246	Dongbei University of Finance And Economics	University	U90247131
247	Donghua University, Shanghai	University	U58761642
248	Dordt College	University	U5092476
249	Dr. Babasaheb Ambedkar Marathwada Universtiy	University	U15133344
250	Dr. YS Parmar University of Horticulture and Forestry	University	U40889044
251	Drake University	University	U61159616
252	Duksung Women's University	University	U8504796
253	Dynabox	Company	C33828919
254	Dynava	Company	C30640160
255	Dynazzy	Company	C10093745
256	Eabox	Company	C83590193
257	Eadel	Company	C55462538
258	Eare	Company	C93362437
259	East Central University	University	U7071449
260	East China Jiao Tong University	University	U78353901
261	East China Normal University	University	U7444714
262	East-Siberian State University of Technology	University	U31696839
263	Eastern Mediterranean University	University	U47178889
264	Eayo	Company	C3655789
265	Eazzy	Company	C58757169
266	Ecole Centrale de Lyon	University	U1222718
267	Ecole Centrale de Nantes	University	U63233893
268	Ecole Européen des Affaires	University	U33218369
269	Ecole Française de Papeterie et des Industries Graphiques	University	U48100485
270	Ecole Nationale Supérieur d'Ingénieurs de Constructions Aéronautique	University	U12532339
271	Ecole Nationale Supérieure d'Electronique et de Radioelectricite de Grenoble	University	U97206562
272	Ecole Nationale Supérieure d'Hydraulique et de Mécanique de Grenoble	University	U12391151
273	Ecole Nationale Supérieure de Chimie de Lille	University	U47584229
274	Ecole Nationale Supérieure de Chimie de Paris	University	U68861647
275	Ecole Nationale Supérieure des Telecommunications de Bretagne	University	U17786327
276	Ecole Polytechnique Universitaire de Lille	University	U42208843
277	Ecole Superieure Robert de Sorbon	University	U75450069
278	Ecole Supérieure Internationale d'Administration des Entreprises	University	U5546047
279	Ecole Supérieure d'Electronique de l'Ouest	University	U19080323
280	Ecole Supérieure d'Ingénieurs en Génie Electrique	University	U66100988
281	Ecole Supérieure de Commerce de Lille	University	U19144681
282	Ecole Supérieure de Commerce de Rouen	University	U60588106
283	Ecole Supérieure de Commerce de Toulouse	University	U76495802
284	Edgeblab	Company	C8732350
285	Edgeclub	Company	C29878178
286	Edgeify	Company	C32094320
287	Edgepulse	Company	C34737046
288	Edgetag	Company	C34210329
289	Edgewire	Company	C50567653
290	Ege University	University	U34383585
291	Ehime University	University	U66638295
292	Eidel	Company	C15220374
293	Eimbee	Company	C35474181
294	Eindhoven University of Technology	University	U76998006
295	Einti	Company	C20297113
296	El Shorouk Academy	University	U81012686
297	Elmira College	University	U73532657
298	Emanuel University	University	U17506399
299	Erskine College	University	U52631990
300	Escuela Agricola Panamericana Zamorano	University	U44622882
301	Escuela Politécnica del Ejercito	University	U66557531
302	Etisalat University College	University	U95047912
303	European Business School Schloß Reichartshausen	University	U97044277
304	European Regional Educational Academy of Armenia	University	U28764543
305	European University, Athens Campus	University	U53374236
306	Evangel University	University	U85925282
307	Evangelische Fachhochschule Nürnberg	University	U89866658
308	Ewha Women's University	University	U98448093
309	Eötvös Lorand University	University	U4459474
310	FAST - National University of Computer and Emerging Sciences (NUCES)	University	U10921445
311	Fachhochschule Bingen	University	U99932525
312	Fachhochschule Eberswalde	University	U45692176
313	Fachhochschule Flensburg	University	U67146261
314	Fachhochschule Gelsenkirchen	University	U62852999
315	Fachhochschule Heidelberg	University	U86064912
316	Fachhochschule Heilbronn, Hochschule für Technik und Wirtschaft	University	U95811701
317	Fachhochschule Krems	University	U98909039
318	Fachhochschule Lippe	University	U4211444
319	Fachhochschule Nordostniedersachsen	University	U80381870
320	Fachhochschule Offenburg, Hochschule für Technik und Wirtschaft	University	U14911347
321	Fachhochschule Rosenheim, Hochschule für Technik und Wirtschaft	University	U24784504
322	Fachhochschule Trier, Hochschule für Technik, Wirtschaft und Gestaltung	University	U49095994
323	Fachhochschule Würzburg - Schweinfurt	University	U43713393
324	Fachhochschule für Technik und Wirtschaft Berlin	University	U24768555
325	Fachhochschule für die Wirtschaft	University	U41753624
326	Fachhochschule und Berufskollegs NTA, Prof.Dr. Grübler gemein. GmbH	University	U70502302
327	Fachhochschulstudiengänge der Wiener Wirtschaft	University	U33956168
328	Faculdades Integradas UPIS	University	U49165257
329	Faculdades Integradas do Brasil - UNIBRASIL	University	U43813684
330	Facultés Universitaires Catholiques de Mons	University	U13560597
331	Fadeo	Company	C57111397
332	Fanoodle	Company	C12867344
333	Far Eastern State Technical Fisheries University	University	U81773782
334	Far Eastern State University	University	U9101280
335	Fatz	Company	C27937626
336	Federal University of Technology, Minna	University	U21218406
337	Feedbug	Company	C32829523
338	Feedfire	Company	C78254309
339	Feedfish	Company	C39882311
340	Feedmix	Company	C33976093
341	Feednation	Company	C81717261
342	Feedspan	Company	C10219533
343	Fern-Fachhochschule Hamburg	University	U68689372
344	Ferris State University	University	U44577171
345	Fine Arts Academy in Gdansk	University	U13812214
346	Fine Arts Academy Wladyslaw Strzeminski in Lodz	University	U71719975
347	First Global University to teaching Jainism	University	U41730338
348	Fitchburg State College	University	U36726298
349	Fivebridge	Company	C92306600
350	Fiveclub	Company	C62125147
351	Fivespan	Company	C16559422
352	Flashdog	Company	C50621149
353	Flashspan	Company	C12219993
354	Flipbug	Company	C86754588
355	Flipopia	Company	C7492657
356	Flipstorm	Company	C8362299
357	Fliptune	Company	C94109697
358	Florida Agricultural and Mechanical University	University	U66321439
359	Florida Christian College	University	U11959482
360	Florida Southern College	University	U50282705
361	Foothill-De Anza Community College District	University	U42274767
362	Franciscan School of Theology	University	U21113043
363	Freie Universität Berlin	University	U10997809
364	Fresno City College	University	U32569237
365	Fukuyama University	University	U30852506
366	Gabcube	Company	C88108608
367	Gabspot	Company	C86931733
368	Gabtune	Company	C1040110
369	Gabtype	Company	C66182803
370	Gabvine	Company	C46694462
371	Gandhi Institute of Technology and Managment	University	U72661751
372	Gandhigram Rural Institute	University	U64900996
373	Geba	Company	C25864075
374	Gemsville Technical University	University	U95873036
375	Geneva Business School	University	U49335438
376	Georg-August Universität Göttingen	University	U43090826
377	Georgia Health Sciences University	University	U65947778
378	Georgia Southern University	University	U56215877
379	Georgia State University	University	U91184747
380	Gevee	Company	C36430036
381	Ghazni University	University	U47202970
382	Gigabox	Company	C77769327
383	Gigashots	Company	C85303846
384	Gigazoom	Company	C4870298
385	Gomal University	University	U49031443
386	Gordon Conwell Theological Seminary	University	U94147861
387	Government College University Faisalabad	University	U35430167
388	Graduate University for Advanced Studies	University	U77940863
389	Green Mountain College	University	U82391006
390	Groupe Sup de Co Amiens Picardie	University	U8248231
391	Guangzhou Normal University	University	U19234009
392	Gubkin Russian State University of Oil and Gas	University	U32303832
393	Guilan University	University	U19279966
394	Guizhou Normal University	University	U46928400
395	Gujarat Ayurved University	University	U4031020
396	Gulf University for Science and Technology	University	U56501933
397	Gustavus Adolphus College	University	U54719159
398	Hahnamann Honoeopathic Medical College	University	U6160145
399	Hallym University	University	U98336045
400	Hamdan Bin Mohammed e-University	University	U47161273
401	Hamdard University	University	U88796325
402	Hannibal-Lagrange College	University	U63264310
403	Hanoi University of Architecture	University	U77349627
404	Hanoi University of Civil Engineering	University	U69992570
405	Hansei University	University	U43739543
406	Harbin Normal University	University	U10509026
407	Harran University	University	U59167498
408	Hebrew College	University	U65902801
409	Hellenic Army Academy	University	U25387274
410	Helsinki School of Economics and Business Administration	University	U36418572
411	Hesser College	University	U39877747
412	Higher School o Business in Tarnow	University	U86207313
413	Hillsdale College	University	U29593819
414	Himeji Institute of Technology	University	U68016454
415	Hiroshima International University	University	U95389406
416	Hiroshima Kokusai Gakuin University	University	U9609809
417	Ho Chi Minh City University of Architecture	University	U79027507
418	Ho Chi Minh City University of Economics	University	U38763951
419	Hobe Sound Bible College	University	U65002593
420	Hogeschool Utrecht	University	U47020869
421	Hokkaido Institute of Technology	University	U8444889
422	Hokkaido Tokai University	University	U5908401
423	Hokuriku University	University	U18294621
424	Hope College	University	U81506967
425	Huafan University	University	U14505296
426	Hue University of Agriculture and Forestry 	University	U83132304
427	Hungarian Academy of Craft and Design	University	U23116696
428	Huntington College	University	U60618772
429	Huron University	University	U50138440
430	Huron University USA in London	University	U89310174
431	Husson College	University	U32541486
432	ITT Technical Institute Indianapolis	University	U46995417
433	Iasar University	University	U58289141
434	Ibn Sina University	University	U6897594
435	Iglobal University	University	U37588929
436	Ilam University	University	U30372590
437	Illinois State University	University	U27932527
438	Ilsa Independent College	University	U55204169
439	Imam Sadiq University	University	U79119490
440	Inchon University	University	U52243439
441	Indian Institute of Technology, Roorkee	University	U92650555
442	Indiana Institute of Technologyy	University	U48051542
443	Indiana University - East	University	U87045799
444	InnoZ	Company	C28392238
445	Innojam	Company	C34056506
446	Innotype	Company	C55698061
447	Inoorero University	University	U31676184
448	Institue of Historical Research, University of London	University	U88561760
449	Institut Sains dan Teknologi Al Kamal	University	U19380483
450	Institut Supérieur de Commerce et d'Administration des Entreprises	University	U5376516
451	Institut d'Etudes Politiques de Paris (Sciences Po)	University	U13323468
452	Institut des Sciences de l'Ingénieur de Montpellier	University	U78449229
453	Institute of Advanced Legal Studies, University of London	University	U75342348
454	Institute of Business & Technology	University	U75182826
455	Institute of Commonwealth Studies, University of London	University	U48595842
456	Institute of Management & Enteurpreneurship of South East Europe	University	U68834317
457	Institute of Management and Business Technology	University	U98910283
458	Institute of Management and Economy	University	U74386252
459	Institute of Management and Technical Studies 	University	U72186887
460	Instituto Superior Bissaya Barreto	University	U17893738
461	Instituto Superior Novas Profissões - INP	University	U26122013
462	Instituto Superior Politécnico e Universitário	University	U7632350
463	Instituto Universitario CEMA	University	U82673531
464	International Buddhist College	University	U75335107
465	International Christian University	University	U17336868
466	International People's College	University	U19506549
467	International School of Management in Prešov	University	U5679976
468	International University of Kyrgyzstan	University	U8953965
469	International University of Management	University	U74866568
470	Internationle Akademie für Philosophie	University	U79746893
471	Inönü University	University	U5413660
472	Iranian Academy of Persian Language and Literature	University	U18400122
473	Islamic Azad University, Kerman	University	U88128469
474	Islamic Azad University, Majlesi	University	U63287141
475	Islamic Azad University, Qazvin	University	U97456362
476	Islamic University Kushtia	University	U73942307
477	Islamic University of Gaza	University	U52638113
478	Islamic University of Technology	University	U1862730
479	Izio	Company	C44559102
480	Jabberbean	Company	C32640084
481	Jabbercube	Company	C39639031
482	Jabbersphere	Company	C2412756
483	Jabberstorm	Company	C22821261
484	Jabbertype	Company	C63253765
485	Jadavpur University	University	U16224029
486	Jaloo	Company	C53800252
487	Jamestown College	University	U63016311
488	Jamia	Company	C46237093
489	Jatri	Company	C45839804
490	Jaxbean	Company	C32330619
491	Jaxnation	Company	C86745856
492	Jaxspan	Company	C5489601
493	Jaxworks	Company	C64614528
494	Jayo	Company	C14366766
495	Jazzy	Company	C50532217
496	Jetpulse	Company	C93378650
497	Jetwire	Company	C65335226
498	Jikei University School of Medicine	University	U48135551
499	Jobu University	University	U75256141
500	JumpXS	Company	C66251562
501	Kabul Education University	University	U85440035
502	Kaduna State University	University	U66980778
503	Kamba	Company	C90096196
504	Kanazawa University	University	U43640858
505	Kanoodle	Company	C28414215
506	Kansai Gaidai University	University	U59392607
507	Kanto Gakuen University	University	U75639577
508	Karachi Institute of Information Technology	University	U41675023
509	Karachi Medical and Dental College	University	U59564586
510	Kare	Company	C26198581
511	Karnataka State Law University	University	U43423361
512	Kashan University of Medical Sciences	University	U58703130
513	Katz	Company	C68029617
514	Kawasaki Medical School	University	U40278255
515	Kaymbo	Company	C96055467
516	Kayveo	Company	C49901962
517	Kazak National Technical University	University	U76549484
518	Kazio	Company	C87460413
519	Kermanshah University of Technology	University	U18120731
520	Khon Kaen University	University	U19615905
521	Kibi International University	University	U51078523
522	Kimia	Company	C44229542
523	King Mongkut's University of Technology Thonburi	University	U19662371
524	King's College	University	U77659387
525	Kingston College	University	U57432132
526	Kiriri Womens University of Science and Technology	University	U15525777
527	Knowledge College for Science and Technology	University	U53554822
528	Kobe Pharmaceutical University	University	U12925912
529	Kochi Medical School	University	U30348481
530	Kolej Universiti Insaniah	University	U54797618
531	Konkuk University	University	U20156402
532	Korea Maritime University	University	U18375730
533	Korea National Open University	University	U37628429
534	Koriyama Women's University and College	University	U26409168
535	Kuala Lumpur Metropolitan University	University	U33601035
536	Kuala Terengganu City Polytechnic	University	U67056944
537	Kumasi Polytechnic 	University	U33113177
538	Kurashiki University of Science and the Arts	University	U99006670
539	Kurdistan University of Medical Sciences	University	U61295750
540	Kuvempu University	University	U6479853
541	Kwideo	Company	C97601168
542	Kwilith	Company	C53045445
543	Kwimbee	Company	C11014471
544	Kwinu	Company	C14886294
545	Kyoritsu Woman's University	University	U84917792
546	Kyoto Bunkyo University	University	U74519229
547	Kyungnam University	University	U8396654
548	La Salle University	University	U54616588
549	Laboratory Institute of Merchandising	University	U17803641
550	Langara College	University	U34219243
551	Latz	Company	C95725890
552	Lawrence Technological University	University	U55036510
553	Layo	Company	C20237234
554	Lazarski School of Commerce and Law	University	U36379924
555	Lazzy	Company	C15218168
556	Leading University	University	U27909511
557	Lebanese International University	University	U67262640
558	Lee University	University	U62163379
559	Leenti	Company	C65738576
560	Leexo	Company	C3526101
561	Les Roches International School of Hotel Management	University	U18754240
562	Lesley University	University	U80241387
563	Lewis and Clark College	University	U21319767
564	Lewis-Clark State College	University	U40566925
565	Leyte State University 	University	U62470205
566	Liaoning Technical University	University	U90365167
567	Life Chiropractic College West	University	U3129632
568	Limkokwing University College of Creative Technology	University	U6770411
569	Lingnan University	University	U32543591
570	Linkbuzz	Company	C69938973
571	Linktype	Company	C72831490
572	Linköping University	University	U44462779
573	Lithuania Christian College	University	U8576217
574	Lithunian University of Agriculture	University	U5001774
575	Lithunian Veterinary Academy	University	U88471129
576	LiveZ	Company	C79292225
577	Livefish	Company	C50487487
578	Livetube	Company	C95660451
579	Livingstone College	University	U23503589
580	Lock Haven University of Pennsylvania	University	U31499775
581	Loma Linda University	University	U83615421
582	Lutheran School Of Theology In Aarhus	University	U71468993
583	Luxun Academy of Fine Art	University	U99389901
584	Lyndon State College	University	U63504456
585	MGH Institute of Health Professions	University	U92661165
586	Maharaja Sayajirao University of Baroda	University	U23150243
587	Mahatma Gandhi University Meghalaya 	University	U61903861
588	Maine Maritime Academy	University	U40651102
589	Malaysia University of Science and Technology (MUST)	University	U58478167
590	Mandalay Technological University	University	U27091191
591	Manhattanville College	University	U43559332
592	Marian College	University	U25724340
593	Maritime University Constanta	University	U68887464
594	Martin Luther College	University	U17908223
595	Martin Methodist College	University	U2797508
596	Martin-Luther Universität Halle-Wittenberg	University	U14376803
597	Marycrest International University	University	U64076416
598	Massachusetts College of Liberal Arts	University	U55559028
599	Medical College of Georgia	University	U47587047
600	Medical University of Sofia	University	U68455149
601	Meedoo	Company	C31618613
602	Meemm	Company	C59301675
603	Meetz	Company	C64635104
604	Meevee	Company	C10008324
605	Meeveo	Company	C65551500
606	Meezzy	Company	C3370255
607	Mercer University, Cecil B. Day Campus	University	U92555903
608	Merrimack College	University	U90517257
609	Miami University of Ohio - Middletown	University	U61304122
610	Miboo	Company	C31090154
611	Midel	Company	C54153342
612	Military University Shoumen	University	U24418009
613	Millersville University of Pennsylvania	University	U83808789
614	Mills College	University	U28280876
615	Milwaukee Institute of Art and Design	University	U50163081
616	Minnesota Bible College	University	U36782623
617	Minnesota School of Professional Psychology	University	U36054669
618	Minyx	Company	C61137197
619	Mississippi Valley State University	University	U81007616
620	Mita	Company	C17233901
621	Miyazaki Medical College	University	U74688959
622	Mokpo National University	University	U84600837
623	Moldova Cooperative Trade University	University	U43728977
624	Montreat College	University	U6116710
625	Moorhead State University	University	U55242099
626	Moscow International Higher Business School (MIRBIS)	University	U24167259
627	Moscow Power Engineering Institute (Technical University)	University	U86589800
628	Moscow State University of Ecological Engineering	University	U15721136
629	Moscow State University of Technology (Stankin)	University	U26821475
630	Moshi University College of Cooperative and Business Studies	University	U99018427
631	Mount Aloysius College	University	U50090789
632	Mountains of the Moon University	University	U83419292
633	Mudo	Company	C35554864
634	Multimedia University	University	U97259388
635	Murmansk State Technical University	University	U82553955
636	"Music Academy ""Stanislaw Moniuszko"" in Gdansk"	University	U62695090
637	Muxo	Company	C72220694
638	Myanmar Aerospace Engineering University	University	U76745524
639	Mybuzz	Company	C71672656
640	Mycat	Company	C4114982
641	Mydeo	Company	C55953271
642	Mydo	Company	C8855009
643	Mymm	Company	C60817554
644	Mynte	Company	C87455842
645	Myworks	Company	C64173437
646	Märkische Fachhochschule Iserlohn	University	U15741146
647	NAES College	University	U29028208
648	NTB Interstate University of Applied Sciences of Technology	University	U89223368
649	Nagoya University	University	U83876573
650	Nagoya University of Commerce and Business Administration	University	U33571500
651	Nairobi Institute of Business Studies 	University	U10797159
652	Nairobi Technical Training Institute 	University	U27651498
653	Najran University	University	U43922599
654	Nakamura Gakuen University	University	U90616785
655	Nakhchivan Private University	University	U81208337
656	Nanjing Forestry University	University	U34559492
657	Nanjing University of Aeronautics and Astronautics	University	U31913363
658	Nanjing University of Economics	University	U22084249
659	National American University, Roseville	University	U51109547
660	National Chiayi University	University	U28809694
661	National Institute of Education	University	U57818399
662	National Institute of Industrial Engineering	University	U39311179
663	National Institute of Technology, Trichy	University	U33191338
664	National Medical University O.O. Bogomolets	University	U63621189
665	National Sun Yat-Sen University	University	U15905072
666	National Taipei University	University	U86573333
667	National Taiwan University of Science and Technology	University	U21691576
668	National University	University	U5599212
669	National University of Laos	University	U76944229
670	National University of Music	University	U15918056
671	New College of California	University	U49065225
672	New Economic School	University	U29463039
673	New York College of Podiatric Medicine	University	U30035024
674	Niigata University	University	U86299533
675	Nippon Medical School	University	U9151703
676	Nizhny Novgorod State Technical University	University	U27717761
677	Nlounge	Company	C27347400
678	North Eastern Hill University	University	U69293046
679	North University of Baia Mare	University	U83467955
680	Northern Institute of Technology Management (NIT)	University	U85304874
681	Northern State Medical University	University	U82984627
682	Northwestern University In Qatar	University	U20092611
683	Notre Dame College of Ohio	University	U96429664
684	Novosibirsk State Medical Academy	University	U4092285
685	Npath	Company	C7885123
686	Ntag	Company	C47665568
687	Ntags	Company	C26224071
688	Oba	Company	C3179546
689	Obong University	University	U83878343
690	October 6 university	University	U5470627
691	Odessa National I.I. Mecnikov University	University	U3375674
692	Odessa National Maritime Academy	University	U3627659
693	Ohtani Women's University	University	U14656218
694	Okayama Shoka University	University	U87959360
695	Oklahoma State University - Institute of Technology	University	U72152980
696	Oloo	Company	C14020643
697	Omba	Company	C71896062
698	Omsk State Pedagogical University	University	U39754787
699	Ooba	Company	C37923991
700	Oodoo	Company	C60855402
701	Oozz	Company	C69785478
702	Open International University for Alternative Medicines	University	U30774087
703	Open University of Israel	University	U46411283
704	Open University of the Netherlands	University	U9437678
705	Oregon State University	University	U63767920
706	Osaka Electro-Communication University	University	U41412015
707	Osaka University	University	U29372746
708	Osaka University of Arts	University	U32700150
709	Our Lady of Holy Cross College	University	U86630986
710	Oyoba	Company	C52135117
711	Oyoloo	Company	C96687695
712	Oyonder	Company	C77354204
713	Oyondu	Company	C80766860
714	Oyoyo	Company	C57428031
715	Ozu	Company	C7523244
716	PSG College of Technology	University	U38903097
717	Paktia University	University	U59599241
718	Palmer College of Chiropractic West	University	U30818978
719	Pandit Ravi Shankar Shukla University	University	U11608711
720	Pavol Jozef Safarik University in Kosice	University	U81873431
721	Payame Noor University	University	U18094364
722	Pennsylvania State University	University	U72609547
723	Pennsylvania State University - Altoona	University	U13755753
724	Pennsylvania State University - Berks-Lehigh Valley College	University	U93440163
725	Pepperdine University	University	U39700466
726	Periyar University	University	U38637358
727	Petroleum University of Technology	University	U88150138
728	Petronas Technology University	University	U14409442
729	Phillips-Universität Marburg	University	U8124422
730	Philosophisch-Theologische Hochschule SVD Sankt Augustin	University	U11573020
731	Photobean	Company	C83906319
732	Photobug	Company	C79760225
733	Photofeed	Company	C90784211
734	Photojam	Company	C85460408
735	Photospace	Company	C80138091
736	Piedmont College	University	U84179283
737	Pixoboo	Company	C59374386
738	Pixonyx	Company	C13802774
739	Pixope	Company	C40059905
740	Plajo	Company	C62949917
741	Plambee	Company	C20832190
742	Planwel University	University	U50536994
743	Podcat	Company	C87048050
744	Politeknik Negeri Jakarta	University	U79272247
745	Politeknik Negeri Malang	University	U57553950
746	Polytechnic University	University	U56254363
747	Pontificia Universidad Javeriana	University	U40692649
748	Poole Gakuin University	University	U78001462
749	Portland Community College	University	U42949301
750	Post University of Waterbury	University	U89863859
751	Premier University	University	U49908345
752	Prince Sultan University	University	U9632939
753	Principia College	University	U14619093
754	Private Hanseuniversität	University	U17202490
755	Pyongyang University of Science and Technology	University	U76553472
756	Qinghai University	University	U4048018
757	Quaid-i-Azam University	University	U75286994
758	Quamba	Company	C92922208
759	Quatz	Company	C7626598
760	Quaxo	Company	C52139710
761	Queens University	University	U97579187
762	Quimba	Company	C70204407
763	Quimm	Company	C17392230
764	Quinnipiac College	University	U31718030
765	Quinu	Company	C8380202
766	Quire	Company	C21851914
767	Rabindra Bharati University	University	U88582310
768	Rajasthan Vidyapeeth University	University	U54299650
769	Rak Medical & Health Sciences University	University	U51969888
770	Rani Durgavati University	University	U98433703
771	Rasmussen College, Florida Campuses	University	U27822509
772	Rasmussen College, Minnesota Campuses	University	U93710571
773	Realblab	Company	C91407143
774	Realbridge	Company	C32336127
775	Realbuzz	Company	C86911603
776	Realcube	Company	C69819663
777	Realfire	Company	C92694605
778	Reallinks	Company	C48614283
779	Realmix	Company	C9533374
780	Realpoint	Company	C39830074
781	Regis College	University	U18353533
782	Regis University	University	U85369103
783	Rheinische Friedrich-Wilhelms Universität Bonn	University	U33018689
784	Rhybox	Company	C36917225
785	Rhycero	Company	C2958479
786	Rhyloo	Company	C74687797
787	Rhynoodle	Company	C12478513
788	Rhynyx	Company	C90699468
789	Riffpath	Company	C68308534
790	Riffpedia	Company	C24461410
791	Riffwire	Company	C2160966
792	Rivers State University of Science and Technology	University	U47060919
793	Roodel	Company	C70174880
794	Roombo	Company	C57432356
795	Roomm	Company	C21878343
796	Rooxo	Company	C2582902
797	Royal Academy of Music	University	U79157078
798	Royal University of Law and Economics	University	U94173420
799	Rutgers, The State University of New Jersey - Camden	University	U12155302
800	SASTRA Deemed University	University	U76092746
801	Saito College	University	U82277769
802	Sakarya University	University	U46596278
803	Samara State Academy for Railway Transportation	University	U88674113
804	Sambalpur University	University	U3960080
805	Samchok National University	University	U80172782
806	Samford University	University	U97066709
807	San Diego State University	University	U32256571
808	Savannah College of Art and Design	University	U37021151
809	Saxion Universities 	University	U48935543
810	Seattle University	University	U7067369
811	Sejong University	University	U7487354
812	Senzoku Gakuen College	University	U36075725
813	Shaheed Rajaei Teacher Training University	University	U60957722
814	Shandong University of Art and Design	University	U48487732
815	Shanghai City College	University	U9396997
816	Shanghai Lixin University of Commerce	University	U67807512
817	Shanghai Television University	University	U23772351
818	Shaoguan University	University	U68960863
819	Shenyang University	University	U86035231
820	Sherman College of Straight Chiropractic	University	U61042814
821	Shibaura Institute of Technology	University	U47567342
822	Shimer College	University	U22473056
823	Shivaji University	University	U39425867
824	Shomal University	University	U25024956
825	Shri Mata Vaishno Devi University	University	U8119766
826	Shufflebeat	Company	C12475244
827	Shuffledrive	Company	C48345051
828	Shufflester	Company	C68467692
829	Siam Technology College	University	U15050675
830	Sikha 'O' Anushandhan University	University	U2510200
831	Simmons College	University	U54848885
832	Skaboo	Company	C84290540
833	Skadron College	University	U10675381
834	Skalith	Company	C95282806
835	Skiba	Company	C60175263
836	Skibox	Company	C87752994
837	Skidoo	Company	C88234072
838	Skilith	Company	C28014794
839	Skimia	Company	C42466464
840	Skinder	Company	C44586481
841	Skinix	Company	C56252281
842	Skinte	Company	C89671554
843	Skipfire	Company	C2834941
844	Skippad	Company	C61301825
845	Skipstorm	Company	C51944395
846	Skiptube	Company	C63762523
847	Skivee	Company	C53122070
848	Skrjabin Moscow State Academy of Veterinary Medicine and Biotechnology	University	U54241440
849	Skyba	Company	C18293919
850	Skyble	Company	C6631979
851	Skyndu	Company	C75340356
852	Skynoodle	Company	C48782670
853	Skyvu	Company	C80581759
854	Slobomir P Univerzitet	University	U76807434
855	Slovak Medical University	University	U12045830
856	Snaptags	Company	C13564989
857	Sotheby´s Institute of Art - London	University	U81270513
858	South Carolina State University	University	U7923944
859	South China University	University	U61406700
860	South China University of Technology	University	U65687197
861	Southeastern University	University	U54284205
862	Southern New Hampshire University	University	U2346832
863	Southern Vermont College	University	U72363426
864	Southern Yangtze University	University	U32606300
865	Southwest State University	University	U35078939
866	Southwest University of Nationalities	University	U40492784
867	Southwestern College Santa Fe	University	U82774107
868	Sri Lanka Institute of Information Technology (SLIT)	University	U84637255
869	St. Andrews Presbyterian College	University	U20794174
870	St. Clair College	University	U76609691
871	St. George's University	University	U46736249
872	St. John's University	University	U75010488
873	St. Joseph College of Nursing	University	U65859577
874	St. Joseph's University	University	U47628174
875	St. Mary's College of Maryland	University	U46731630
876	St. Matthews University	University	U25770099
877	St. Michael's College	University	U67660127
878	St. Paul University	University	U16612768
879	St. Petersburg State Academy for Engineering Economics (ENGECON)	University	U89100850
880	St. Petersburg State Pediatric Medical Academy	University	U70707003
881	St. Petersburg State University of Technology and Design	University	U2100262
882	Staffordshire University	University	U84108247
883	Stamford University	University	U2384186
884	State University of New York Upstate Medical University 	University	U2209658
885	State University of New York at Binghamton	University	U83555737
886	State University of New York at Buffalo	University	U56212179
887	Stavropol State University	University	U78927242
888	Stefan University	University	U9189675
889	Stenden University	University	U22501974
890	Stillman College	University	U14236879
891	Stockholm Institute of Education	University	U98362799
892	Sul Ross State University	University	U6898309
893	Sultan Haji Ahmad Shah Polytechnic	University	U30454437
894	Surgut State University	University	U64917336
895	Suzuka University of Medical Science	University	U51474328
896	Södertörn University College	University	U29910492
897	Tabor College	University	U88833821
898	Tagcat	Company	C43921493
899	Tagchat	Company	C84418019
900	Tagfeed	Company	C25589356
901	Tagopia	Company	C29817840
902	Tagpad	Company	C30996308
903	Tagtune	Company	C65468655
904	Taj International College	University	U93548280
905	Tajik Agrarian University	University	U64138640
906	Tajikistan International University	University	U12435848
907	Takasaki City University of Economics	University	U19937903
908	Takoradi Polytechnic 	University	U53506253
909	Talane	Company	C45283330
910	Tama Art University	University	U65593239
911	Tambee	Company	C54077128
912	Tamil Nadu Dr. Ambedkar Law University	University	U43678438
913	Tamkang University	University	U49539928
914	Tanoodle	Company	C16619791
915	Taraba State University	University	U88512876
916	Tarleton State University	University	U97240065
917	Tashkent Institute of Irrigation and Melioration	University	U28465557
918	Tashkent Pharmaceutical Institute	University	U78761108
919	Tashkent State University of Economics	University	U4503865
920	Tavu	Company	C89979294
921	Tazz	Company	C65862714
922	Tazzy	Company	C59204659
923	Technical University of Gabrovo	University	U89861768
924	Technical University of Kenya	University	U79529892
925	Technical University of Opole	University	U85092045
926	Technical University of Zielona Gora	University	U89258041
927	Technische Universität Clausthal	University	U88310577
928	Technische Universität Ilmenau	University	U95879584
929	Technological University (Banmaw)	University	U93378062
930	Technological University (Pinlon)	University	U16837954
931	Tehran University of Medical Sciences	University	U2060718
932	Tehran University of Teacher Training	University	U95807698
933	Tekfly	Company	C53300714
934	Teklist	Company	C38457564
935	Temple University School of Podiatric Medicine	University	U99770082
936	Tennessee Technological University	University	U60095207
937	Textile Institute of Pakistan	University	U34697612
938	The Art Institute of Boston	University	U32875052
939	The Art Institutes International San Francisco	University	U16116314
940	The College of New Jersey	University	U3614322
941	The Dickinson School of Law	University	U46725047
942	Theologische Fakultät Paderborn	University	U88757154
943	Thiagarajar College of Engineering	University	U41668049
944	Thompson Rivers University	University	U6349916
945	Thoughtbeat	Company	C79671845
946	Thoughtblab	Company	C34693175
947	Thoughtbridge	Company	C73071112
948	Thoughtmix	Company	C79040968
949	Thoughtsphere	Company	C77759601
950	Thoughtstorm	Company	C3160743
951	Tianjin Normal University	University	U35145140
952	Tobb Economics and Technology University	University	U84607695
953	Tokyo Woman's Christian University	University	U30907495
954	Tomsk State Pedagogical University	University	U88261869
955	Tongji University	University	U83435859
956	Topdrive	Company	C23603091
957	Topicblab	Company	C71784832
958	Topiclounge	Company	C40582834
959	Topicshots	Company	C4922857
960	Topicstorm	Company	C84173222
961	Topicware	Company	C17625718
962	Topiczoom	Company	C97039151
963	Trilia	Company	C65715399
964	Trilith	Company	C76557153
965	Troy University, Dothan	University	U92279858
966	Trudeo	Company	C22416584
967	Trudoo	Company	C46298579
968	Trunyx	Company	C16457318
969	Trupe	Company	C66726885
970	Tshwane University of Technology	University	U59150169
971	Tunku Syed Sirajuddin Polytechnic	University	U11006336
972	Tuva State University	University	U77988451
973	Tver State Medical Academy	University	U77723446
974	Twimbo	Company	C31217712
975	Twimm	Company	C74694285
976	Twinte	Company	C84825313
977	Twitterbridge	Company	C55512173
978	Twitterlist	Company	C12372516
979	Twitternation	Company	C37414921
980	Twitterwire	Company	C73670175
981	Twitterworks	Company	C43342687
982	Twiyo	Company	C94359147
983	Ubonratchathani University	University	U99849424
984	Ukrainian Academy of Banking	University	U94655292
985	Uniformed Services Universty of the Health Sciences	University	U1503940
986	Union College Nebraska	University	U52149826
987	United States International University	University	U37093740
988	United States Military Academy	University	U88822887
989	"Universidad ""Adolfo Ibañez"""	University	U79248248
990	"Universidad ""Juan Agustín Maza"""	University	U22650896
991	Universidad Abierta Interamericana	University	U41036642
992	Universidad Adventista de Chile	University	U88188192
993	Universidad Adventista de Colombia	University	U6321411
994	Universidad Agraria del Ecuador	University	U4097596
995	Universidad Autónoma de Guadalajara	University	U53154481
996	Universidad Autónoma de Manizales	University	U28022560
997	"Universidad Autónoma del Beni ""José Ballivián"""	University	U92300255
998	Universidad Autónoma del Estado de México	University	U82611835
999	Universidad Autónoma del Paraguay	University	U16233876
1000	Universidad Blas Pascal	University	U90780418
1001	Universidad Bolivariana de Venezuela	University	U19212778
1002	Universidad Catolica del Norte	University	U6379298
1003	Universidad Católica Popular del Risaralda	University	U1450947
1004	Universidad Católica Tecnológica del Cibao	University	U44524080
1005	Universidad Católica de Colombia	University	U38773879
1006	Universidad Católica de Cuenca	University	U20821912
1007	Universidad Católica del Uruguay	University	U6700178
1008	Universidad Central de Bayamón	University	U87063657
1009	"Universidad Centroamericana ""José Simeón Canas"""	University	U56738358
1010	Universidad Centroamericana de Ciencias Empresariales (UCEM)	University	U56324511
1011	Universidad Dominico-Americana	University	U29600017
1012	Universidad Eugenio Maria de Hostos	University	U25535700
1013	Universidad Experimental Felix Adam	University	U21085645
1014	Universidad Francisco de Aguirre	University	U34869668
1015	Universidad Francisco de Vitoria	University	U4499243
1016	Universidad ICESI	University	U76885719
1017	Universidad Iberoamericana	University	U73034544
1018	Universidad Iberoamericana de Ciencia y Tecnologia	University	U2557235
1019	Universidad Interamericana	University	U32404809
1020	Universidad Internacional de Andalucía	University	U44218993
1021	Universidad Internacional del Ecuador	University	U24470545
1022	Universidad Isaac Newton	University	U15922535
1023	Universidad Juan Misael Saracho	University	U51591040
1024	Universidad Latina	University	U52584760
1025	Universidad Mayor de San Simón	University	U81409638
1026	Universidad Nacional Autónoma de México	University	U60946069
1027	"Universidad Nacional Experimental ""Rafael Maria Baralt"""	University	U85869680
1028	Universidad Nacional Experimental de Guayana	University	U32731268
1029	Universidad Nacional de Cajamarca	University	U30421429
1030	Universidad Nacional de Quilmes	University	U54835752
1031	Universidad Nacional de Río Cuarto	University	U39958786
1032	Universidad Nacional de la Amazonía Peruana	University	U31084875
1033	Universidad ORT Uruguay	University	U2210908
1034	Universidad Panamericana	University	U29738171
1035	Universidad Pedagógica Nacional	University	U76456185
1036	Universidad Pedagógica y Tecnológica de Colombia	University	U3350128
1037	Universidad Politécnica Salesiana	University	U32406963
1038	Universidad Privada Franz Tamayo (UNIFRANZ)	University	U60234283
1039	Universidad Privada del Norte	University	U97223985
1040	Universidad Privada del Valle	University	U86877321
1041	Universidad Regional del Sureste	University	U20209460
1042	"Universidad Salvadorena ""Alberto Masferrer"""	University	U9293811
1043	Universidad San Marcos	University	U50296291
1044	Universidad Santa María Campus Guayaquil	University	U29056568
1045	Universidad Tecnológica América	University	U24007105
1046	Universidad Tecnológica Centroamericana	University	U7771303
1047	Universidad Tecnológica Metropolitana	University	U6339427
1048	Universidad Tecnológica Nacional	University	U96366750
1049	Universidad Tecnológica de Panamá	University	U34389587
1050	Universidad Técnica de Oruro	University	U13163387
1051	Universidad Técnica del Norte	University	U46579723
1052	Universidad Valle del Momboy	University	U7226012
1053	Universidad de Aconcagua	University	U78507747
1054	Universidad de Camagüey	University	U94576141
1055	Universidad de Cantabria	University	U19626237
1056	Universidad de Cartago	University	U68055318
1057	Universidad de Concepción del Uruguay	University	U62913007
1058	Universidad de Congreso	University	U64311768
1059	Universidad de La Frontera	University	U8801461
1060	Universidad de La Salle, Bajío	University	U50763800
1061	Universidad de Los Andes	University	U25749304
1062	Universidad de Oriente	University	U96941775
1063	Universidad de Puerto Rico, Cayey	University	U79159603
1064	Universidad de Zaragoza	University	U92993740
1065	Universidad de la Cuenca del Plata	University	U30285807
1066	Universidad del Noroeste	University	U28758991
1067	Universidad del Valle del Bravo	University	U94566040
1068	Universidade Católica de Pelotas	University	U59387283
1069	Universidade Cidade de São Paulo	University	U43153910
1070	Universidade Federal Fluminense	University	U15194438
1071	Universidade Federal de Alagoas	University	U75145349
1072	Universidade Federal de Juiz de Fora	University	U90953231
1073	Universidade Federal de Mato Grosso	University	U65576315
1074	Universidade Ibirapuera	University	U9750084
1075	Universidade Internacional Lisboa	University	U9737675
1076	Universidade Lusófona de Humanidades e Technologias	University	U69030662
1077	Universidade São Judas Tadeu	University	U12857205
1078	Universidade da Região da Campanha	University	U61757537
1079	Universidade de Alfenas	University	U34199383
1080	Universidade de Itaúna	University	U24282376
1081	Universidade de Marília	University	U63168449
1082	Universidade do Rio Grande	University	U60444478
1083	Universitas Brawijaya	University	U7197608
1084	Universitas Gadjah Mada	University	U55395026
1085	Universitas Katolik Indonesia Atma Jaya	University	U98323493
1086	Universitas Komputer Indonesia	University	U40481910
1087	Universitas Kristen Indonesia	University	U17568609
1088	Universitas Merdeka Madiun	University	U18421189
1089	Universitas Widyatama	University	U55675643
1090	Universiti Industri Selangor	University	U46842465
1091	Universiti Kuala Lumpur Malaysian Institute of Information Technology (MIIT)	University	U41125270
1092	Universiti Malaya	University	U18312114
1093	Universiti Malaysia Sarawak	University	U80618746
1094	Universiti Pendidikan Sultan Idris	University	U59610139
1095	Universiti Tun Abdul Razak	University	U16653887
1096	University Canada West	University	U5840513
1097	University College of Skövde	University	U45021786
1098	University College of the Cariboo	University	U28732400
1099	University Lucian Blaga of Sibiu	University	U5556386
1100	University Medical School of Pécs	University	U13420878
1101	University School of Physical Education	University	U27189695
1102	University Tun Abdul Razak	University	U17312580
1103	University for Peace	University	U50347411
1104	University of Abuja	University	U32599285
1105	University of Adelaide	University	U78558873
1106	University of Agriculture and Veterinary Medicine Cluj-Napoca	University	U38228282
1107	University of Agriculture and Veterinary Medicine Iasi	University	U47793929
1108	University of Alaska - Fairbanks	University	U17357031
1109	University of Alberta	University	U48085665
1110	University of Arkansas for Medical Sciences	University	U98900899
1111	University of Baguio	University	U48486124
1112	University of Bath	University	U55348143
1113	University of Bolton	University	U44492493
1114	University of Bradford	University	U39000135
1115	University of California System	University	U74280791
1116	University of Cape Town	University	U50727317
1117	University of Central Oklahoma	University	U86773465
1118	University of Colorado Health Sciences Center	University	U39017809
1119	University of Dallas	University	U33293639
1120	University of Dayton	University	U11429652
1121	University of Delaware	University	U70514653
1122	University of Dongola	University	U52295109
1123	University of Dundee	University	U97347556
1124	University of Eastern Philippines	University	U79437149
1125	University of Economics in Bratislava	University	U83716141
1126	University of El Imam El Mahdi University	University	U61885118
1127	University of Fribourg	University	U71457590
1128	University of Gastronomic Sciences	University	U19489789
1129	University of Hargeisa	University	U85571996
1130	University of Hawaii - Hilo	University	U81128394
1131	University of Health and Science	University	U53269542
1132	University of Houston, Downtown	University	U35244587
1133	University of Indianapolis	University	U94544575
1134	University of Islamic Studies	University	U39417034
1135	University of Italian Studies for Foreigners of Perugia	University	U73396007
1136	University of Karachi	University	U53318533
1137	University of Kentucky	University	U62021477
1138	University of Khartoum	University	U84507183
1139	University of Liberal Arts	University	U45605993
1140	University of Macedonia	University	U5635987
1141	University of Maiduguri	University	U44172621
1142	University of Maine, Machias	University	U75642630
1143	University of Management & Technology	University	U22839951
1144	University of Mary Hardin-Baylor	University	U7203156
1145	University of Massachusetts at Dartmouth	University	U88700661
1146	University of Mauritius	University	U62735057
1147	University of Miami	University	U83113696
1148	University of Milan - Bicocca	University	U4817564
1149	University of Mindanao	University	U60597079
1150	University of Missouri - Kansas City	University	U87859512
1151	University of Montana Western	University	U78531483
1152	University of Mosul	University	U98404846
1153	University of National and World Economy	University	U63223115
1154	University of Nigeria	University	U18381701
1155	University of North Texas Health Science Center at Fort Worth	University	U89942364
1156	University of North West	University	U2137059
1157	University of Northeastern Philippines	University	U2859696
1158	University of Northern Virginia	University	U32526548
1159	University of Perpetual Help	University	U82617043
1160	University of Saint Joseph	University	U51011442
1161	University of San Carlos	University	U17587518
1162	University of Saskatchewan	University	U69223836
1163	University of Sibiu	University	U55599057
1164	University of Siena	University	U45693893
1165	University of Southeastern Philippines	University	U10486325
1166	University of Sri Jayawardenapura	University	U34632335
1167	University of Sudbury	University	U18428510
1168	University of Tampa	University	U51718482
1169	University of Tennessee - Martin	University	U9793621
1170	University of Texas M.D. Anderson Cancer Center	University	U83791102
1171	University of Texas at Arlington	University	U10505493
1172	University of Toronto, Mississauga	University	U42972384
1173	University of Toronto, Scarborough	University	U11298369
1174	University of Trento	University	U10442820
1175	University of Udine	University	U85216729
1176	University of Ulster	University	U73313584
1177	University of Washington	University	U70223922
1178	University of West Hungary	University	U82364895
1179	University of Wisconsin - La Crosse	University	U97649521
1180	University of Wisconsin - Oshkosh	University	U68172769
1181	University of Wisconsin - Platteville	University	U91302572
1182	University of Wollongong	University	U54709179
1183	University of the Ozarks	University	U59490413
1184	University of the Ryukyus	University	U77912187
1185	University of the South Pacific Centre	University	U78170599
1186	University of the Visayas	University	U15079174
1187	Università Pontifcia Salesiana	University	U85549811
1188	Universität Augsburg	University	U34432775
1189	Universität Kassel	University	U56333632
1190	Universität der Bundeswehr München	University	U72483221
1191	Université Catholique de Bukavu	University	U5685611
1192	Université Catholique de Louvain	University	U9280227
1193	Université Dr Tahar Moulay	University	U89254365
1194	Université Gaston Berger Saint-Louis	University	U20618989
1195	Université Jean Monnet	University	U60806114
1196	Université Joseph Fourier (Grenoble I)	University	U22352893
1197	Université Julius Nyerere Kankan	University	U49967711
1198	Université Libre de Bruxelles	University	U24704253
1199	Université Mohammed V - Agdal	University	U13997154
1200	Université Nancy II	University	U91066095
1201	Université Paris-Dauphine (Paris IX)	University	U62599386
1202	Université René Descartes (Paris V)	University	U16118774
1203	Université Sorbonne-Nouvelle (Paris III)	University	U18976902
1204	Université Val-de-Marne (Paris XII)	University	U68278077
1205	Université d'Abobo-Adjamé	University	U48441374
1206	Université d'Oran Es-Senia	University	U2645419
1207	Université de Bourgogne	University	U62540801
1208	Université de Haute-Alsace	University	U49045520
1209	Université de Kikwite	University	U59943780
1210	Université de Kolwezi	University	U48464853
1211	Université de Technologie de Belfort Montbéliard	University	U6373526
1212	Université des Antilles et de la Guyane	University	U62953153
1213	Université du Maine	University	U39669543
1214	Université du Québec à Chicoutimi	University	U19806777
1215	Ural State Technical University	University	U35680088
1216	Utrecht University	University	U41132572
1217	VBS Purvanchal University	University	U64462820
1218	Valahia University of Targoviste	University	U26105605
1219	Victoria University Toronto, University of Toronto	University	U31444730
1220	Vidoo	Company	C61469747
1221	Vidyasagar University	University	U28889477
1222	Vignan University	University	U29083122
1223	Villa Julie College	University	U70050996
1224	Villanova University	University	U14096221
1225	Vimbo	Company	C78104300
1226	Vinder	Company	C18703237
1227	Vinte	Company	C74405263
1228	Vipe	Company	C21672026
1229	Virginia Union University	University	U15644613
1230	Vitebsk State Academy of Veterinary Medicine	University	U69194937
1231	Viva	Company	C2492452
1232	Volgograd State Academy of Physical Education	University	U75211289
1233	Volyn National University Lesja Ukrainka	University	U90726744
1234	Voolia	Company	C23911375
1235	Voolith	Company	C48072062
1236	Voomm	Company	C50816571
1237	Voonder	Company	C87421998
1238	Voonix	Company	C79636958
1239	Voonte	Company	C74515571
1240	Voronezh State Academy of Technology	University	U16026783
1241	Walden University	University	U20223010
1242	Walsh University	University	U23863067
1243	Warren Wilson College	University	U36469860
1244	Wartburg College	University	U74625396
1245	Washington University in St. Louis	University	U68735918
1246	Wayne State College	University	U63714075
1247	Waynesburg College	University	U50345575
1248	Wellspring University	University	U44227613
1249	Western Baptist College	University	U17919301
1250	Western Galilee College	University	U57548682
1251	Western Maryland College	University	U28554864
1252	Western Michigan University	University	U60552145
1253	Westhill University	University	U70678504
1254	Westminster College Fulton	University	U29897245
1255	Wikibox	Company	C48651266
1256	Wikido	Company	C12977490
1257	Wikivu	Company	C68186197
1258	Wikizz	Company	C99274576
1259	Wiley College	University	U32030115
1260	William Paterson University	University	U11559678
1261	William Penn College	University	U76769984
1262	Williams Baptist College	University	U19401271
1263	Worcester State College	University	U32157201
1264	Wordify	Company	C39757040
1265	Wordpedia	Company	C59089557
1266	Wordtune	Company	C24081213
1267	Wordware	Company	C6872925
1268	Xavier University of Louisiana	University	U5305672
1269	Xiamen University	University	U29774695
1270	Yabox	Company	C31757766
1271	Yacero	Company	C22654447
1272	Yakidoo	Company	C25718462
1273	Yakijo	Company	C90020600
1274	Yakitri	Company	C66365692
1275	Yambee	Company	C44847230
1276	Yamia	Company	C82606078
1277	Yata	Company	C69716847
1278	Yerevan State University	University	U27877931
1279	Yeungnam University	University	U92961568
1280	Yodo	Company	C6478453
1281	Yodoo	Company	C71284120
1282	Yombu	Company	C74958677
1283	Yotz	Company	C37636164
1284	Youbridge	Company	C54470199
1285	Youfeed	Company	C32351322
1286	Youopia	Company	C2438905
1287	Youspan	Company	C94531432
1288	Youtags	Company	C16431790
1289	Yoveo	Company	C3178504
1290	Yozio	Company	C49430694
1291	Zachodniopomorska School of Science and Engineering	University	U46173113
1292	Zava	Company	C82146044
1293	Zayed University	University	U98992916
1294	Zazio	Company	C4068447
1295	Zhongnan University of Technology	University	U66741114
1296	Zoombeat	Company	C77152281
1297	Zoombox	Company	C57511474
1298	Zoomcast	Company	C95273102
1299	Zoomdog	Company	C14978545
1300	Zoomlounge	Company	C94536633
1301	Zoomzone	Company	C3344648
1302	Zoonder	Company	C46697983
1303	Zoonoodle	Company	C46511978
1304	Zooveo	Company	C89357557
1305	Zooxo	Company	C10119422
1306	Zoozzy	Company	C6410147
1307	Zurich University of Applied Sciences Winterthur	University	U61527376
